Start Date,yhat,yhat_lower,yhat_upper,Actual
1971-01-01,8397237.956609998,8268729.755117587,8523495.785427222,8373000.0
1971-02-01,8393911.192368492,8263269.260433828,8528448.578997811,8393000.0
1971-03-01,8382377.955011988,8259758.66220746,8511780.324733285,8390000.0
1971-04-01,8379999.420686444,8254015.897352946,8503365.520317035,8377000.0
1971-05-01,8385335.348101353,8266807.911133084,8516998.464479648,8380000.0
1971-06-01,8379328.510061372,8256078.401452202,8505166.006909575,8406000.0
1971-07-01,8366208.268401504,8233920.93794717,8491423.447753461,8440000.0
1971-08-01,8357941.269223477,8232104.061832809,8490024.12646157,8467000.0
1971-09-01,8353808.622600086,8234119.551850146,8480797.805281756,8479000.0
1971-10-01,8346765.671220733,8228071.798506931,8473911.805847602,8459000.0
1971-11-01,8339632.023950981,8213047.432325269,8461657.841340171,8436000.0
1971-12-01,8331930.114854437,8209175.6757676,8459793.098737648,8394000.0
1972-01-01,8325893.649014621,8199092.470234527,8442910.442674777,8346000.0
1972-02-01,8320541.5528974,8183316.263845398,8448108.34704271,8310000.0
1972-03-01,8315195.420152327,8181344.924055527,8445845.14876996,8309000.0
1972-04-01,8316451.647119283,8195548.690929408,8444026.208569136,8329000.0
1972-05-01,8296967.210716115,8180269.183822932,8425204.240568932,8352000.0
1972-06-01,8296350.405131502,8174084.194162612,8425948.726803055,8357000.0
1972-07-01,8304276.88294388,8179302.925762006,8427092.80408576,8341000.0
1972-08-01,8298495.748811711,8167777.8198746,8431870.29055053,8325000.0
1972-09-01,8278859.503205448,8153167.370039237,8397035.915305527,8303000.0
1972-10-01,8273043.042233737,8145694.676687849,8397977.171702325,8288000.0
1972-11-01,8264344.027795644,8136948.496468455,8390847.230403785,8255000.0
1972-12-01,8255459.718311222,8128744.92823975,8375714.695160502,8218000.0
1973-01-01,8252278.462563193,8129100.069561858,8375930.086727959,8167000.0
1973-02-01,8253045.649532131,8115768.720065969,8375610.419000315,8133000.0
1973-03-01,8241754.853503787,8127504.900593979,8371063.853407664,8123000.0
1973-04-01,8241698.40317876,8117693.971047247,8371685.689302953,8136000.0
1973-05-01,8230531.266238145,8094245.857725537,8373195.6431515105,8163000.0
1973-06-01,8228320.412743423,8095395.570812094,8354639.116878489,8185000.0
1973-07-01,8229234.503907166,8097457.6995214475,8361363.094407897,8198000.0
1973-08-01,8222457.286783802,8100328.489160814,8342646.749862719,8207000.0
1973-09-01,8207940.492825498,8077717.569226187,8331843.708803561,8209000.0
1973-10-01,8201766.478108312,8075673.093793585,8329381.130803532,8218000.0
1973-11-01,8193605.97326525,8070241.526171101,8316457.462650588,8222000.0
1973-12-01,8185161.535061161,8043548.385542491,8322527.020028259,8217000.0
1974-01-01,8181069.799466306,8050901.387349093,8299926.94044152,8206000.0
1974-02-01,8179783.742978571,8054407.648232753,8301849.151770048,8201000.0
1974-03-01,8168333.194614342,8036272.941752822,8299501.630517875,8200000.0
1974-04-01,8167065.457598805,8047309.470611046,8304949.770737923,8187000.0
1974-05-01,8164174.868346074,8035433.575859617,8288550.7809495935,8169000.0
1974-06-01,8160166.733517923,8030806.285356479,8288566.286747646,8134000.0
1974-07-01,8157569.608419457,8032023.111488681,8285279.12006494,8115000.0
1974-08-01,8153587.670043884,8028170.310902827,8285419.201626813,8102000.0
1974-09-01,8147865.008422221,8015066.878305311,8272507.690387719,8106000.0
1974-10-01,8144790.182992546,8011351.975948994,8271884.800163034,8115000.0
1974-11-01,8140776.136847374,8009966.686897348,8267343.844429172,8128000.0
1974-12-01,8136233.415405478,8014535.9413887095,8271187.501477157,8137000.0
1975-01-01,8134813.791734892,8007512.532953586,8261587.535061968,8136000.0
1975-02-01,8135111.442702944,8005616.033609334,8264414.113463454,8137000.0
1975-03-01,8126851.870697008,7996338.058159561,8258908.6382101355,8118000.0
1975-04-01,8128097.751581025,8006739.081430126,8261157.597005835,8097000.0
1975-05-01,8136941.177585832,8012700.115651068,8263124.70454819,8077000.0
1975-06-01,8134558.754755403,8014232.971845856,8258061.357231343,8061000.0
1975-07-01,8124946.011685432,8009324.981838473,8252532.459772353,8060000.0
1975-08-01,8120303.427716962,8002563.014896642,8246210.67792952,8051000.0
1975-09-01,8119795.196303134,7989571.662444518,8244053.69567411,8050000.0
1975-10-01,8116259.743513674,7994700.175656111,8238829.77338387,8044000.0
1975-11-01,8112750.511453481,7988569.609927504,8241495.827961059,8049000.0
1975-12-01,8108556.100946831,7988583.167978619,8226532.169404346,8057000.0
1976-01-01,8106144.050316575,7973931.119848263,8223145.659243626,8068000.0
1976-02-01,8104416.369408907,7973463.693620324,8229689.770517716,8083000.0
1976-03-01,8109033.431147732,7982724.365172328,8226716.414830283,8085000.0
1976-04-01,8120939.969459549,7990904.813954881,8244728.136925591,8097000.0
1976-05-01,8111762.285970759,7976150.3294105185,8238772.282799223,8107000.0
1976-06-01,8121795.791731002,7988802.517433696,8250328.651445261,8110000.0
1976-07-01,8140029.022457758,8016496.188977636,8266387.422481465,8123000.0
1976-08-01,8144898.199670443,8018080.613761533,8265882.855726095,8133000.0
1976-09-01,8135912.265409041,8006863.3925171755,8255708.076391264,8145000.0
1976-10-01,8140402.557668595,8020083.503868267,8267072.706061689,8151000.0
1976-11-01,8142353.854902813,8013599.924510374,8266248.069506256,8154000.0
1976-12-01,8143776.298649655,8014197.147338574,8266809.895491829,8159000.0
1977-01-01,8151245.354573938,8022800.776183201,8284237.617199024,8177000.0
1977-02-01,8162662.853215185,8028240.779839619,8296318.023155794,8192000.0
1977-03-01,8160991.693536022,8026368.495711628,8281164.275188193,8201000.0
1977-04-01,8171585.5548833,8053364.415778299,8309236.336310321,8206000.0
1977-05-01,8170725.171173956,8046257.14223584,8303834.956941863,8208000.0
1977-06-01,8179164.629351545,8051351.589077148,8303532.940549423,8203000.0
1977-07-01,8190385.473746556,8063955.01041707,8325998.764824976,8197000.0
1977-08-01,8194258.568295496,8066618.601311111,8318605.601417955,8209000.0
1977-09-01,8190392.086009506,8059602.65675375,8316186.472463671,8217000.0
1977-10-01,8194524.824523584,8067274.067339292,8321327.3507175455,8231000.0
1977-11-01,8197014.63135283,8072968.411226249,8317737.41874741,8242000.0
1977-12-01,8198876.945802929,8068913.681574599,8321853.326592743,8251000.0
1978-01-01,8205435.521284066,8075729.718841907,8333532.673739611,8264000.0
1978-02-01,8214799.775872324,8080243.725427737,8341398.125539446,8273000.0
1978-03-01,8212968.863318667,8093892.898980769,8335765.346575399,8280000.0
1978-04-01,8222351.437379123,8105388.964053085,8353833.066873764,8292000.0
1978-05-01,8229767.600780584,8106656.376680223,8359835.355797977,8302000.0
1978-06-01,8236409.777028414,8109023.284405742,8364246.998484081,8302000.0
1978-07-01,8240611.905677349,8112821.214945901,8362466.542370444,8303000.0
1978-08-01,8243655.862840762,8124377.937612615,8372159.946522548,8298000.0
1978-09-01,8244959.0967580825,8109791.99755508,8367086.044790867,8296000.0
1978-10-01,8248683.525075805,8111732.8361100005,8373246.074730406,8292000.0
1978-11-01,8251695.374469616,8127139.498528249,8373145.455051348,8286000.0
1978-12-01,8253951.906775125,8125719.196750879,8380331.1198678175,8288000.0
1979-01-01,8259558.178643519,8137292.655575759,8378753.453504943,8297000.0
1979-02-01,8266881.7251505535,8136109.045529077,8390538.287549956,8318000.0
1979-03-01,8264968.123308863,8140697.836989651,8385097.808345406,8329000.0
1979-04-01,8273239.899731858,8146722.333093825,8407087.038432242,8327000.0
1979-05-01,8288882.579484068,8152252.603461855,8415547.884325186,8315000.0
1979-06-01,8293526.05219262,8169387.511755143,8418323.1579802,8318000.0
1979-07-01,8290712.562870048,8162729.343119764,8418889.0605859,8317000.0
1979-08-01,8297710.878673552,8162022.425696534,8422243.59521212,8313000.0
1979-09-01,8308843.547031697,8176073.463513052,8442609.830921002,8306000.0
1979-10-01,8316573.481118347,8196051.630205917,8443661.936488422,8304000.0
1979-11-01,8324705.148830128,8190192.719718766,8453811.231666107,8308000.0
1979-12-01,8331776.125199592,8204150.468537749,8464719.190621318,8308000.0
1980-01-01,8341004.974341301,8212492.942794848,8456323.802307608,8307000.0
1980-02-01,8350918.1932056155,8223422.999666172,8482323.936871715,8307000.0
1980-03-01,8359852.516411013,8233124.276996616,8486592.393807603,8300000.0
1980-04-01,8376374.058359498,8254316.243975909,8504275.890784167,8296000.0
1980-05-01,8371662.507422332,8246378.030429937,8502202.980900459,8291000.0
1980-06-01,8386311.016819258,8258737.383889829,8515485.662994843,8286000.0
1980-07-01,8409010.380097637,8281850.526677565,8544783.107171502,8294000.0
1980-08-01,8418494.560946997,8290881.030929807,8543253.83862018,8301000.0
1980-09-01,8414123.63032227,8289918.003955062,8546269.069442227,8298000.0
1980-10-01,8423080.05513345,8281612.414390804,8551393.724897917,8296000.0
1980-11-01,8429646.356004342,8302137.678800951,8566679.223628692,8289000.0
1980-12-01,8435534.93230281,8311757.349799667,8559766.951256784,8299000.0
1981-01-01,8447618.991863767,8318822.721637666,8571735.902182398,8306000.0
1981-02-01,8463651.494141692,8330941.7047406435,8598580.4226083,8313000.0
1981-03-01,8466148.724844035,8343976.0681705605,8589506.297436884,8320000.0
1981-04-01,8481357.589828001,8350297.710840363,8606535.03744532,8348000.0
1981-05-01,8498311.405269686,8370460.862099217,8622904.762407415,8384000.0
1981-06-01,8525158.869236656,8394838.893707419,8653490.300398633,8414000.0
1981-07-01,8554193.912782695,8422142.884257985,8681815.303411296,8439000.0
1981-08-01,8576475.01312104,8453875.156552317,8695915.35631951,8472000.0
1981-09-01,8591016.536624447,8468936.190127572,8701479.311235897,8501000.0
1981-10-01,8612963.474289548,8489202.100403596,8738136.907829389,8542000.0
1981-11-01,8633861.286908189,8497417.46758795,8762726.045931976,8581000.0
1981-12-01,8653537.801086402,8520243.395247668,8781887.45396357,8615000.0
1982-01-01,8678504.382953245,8555425.665453356,8805526.860234091,8639000.0
1982-02-01,8706276.643927217,8582355.915344698,8839915.373316033,8669000.0
1982-03-01,8721072.317786463,8590878.278942714,8848923.01006443,8694000.0
1982-04-01,8748862.898232633,8623260.114974298,8881684.061990803,8729000.0
1982-05-01,8774093.261362202,8639612.615119644,8900337.63390939,8765000.0
1982-06-01,8799143.443995751,8674078.44527232,8922433.056653336,8804000.0
1982-07-01,8821159.77237279,8701114.138817279,8948301.43599503,8849000.0
1982-08-01,8842611.735921904,8722913.351546917,8972265.708054962,8899000.0
1982-09-01,8862322.976224944,8732498.33670054,8993633.557897089,8952000.0
1982-10-01,8883861.604270782,8749394.460553257,9009620.541449474,9000000.0
1982-11-01,8905281.460050307,8783578.70115121,9022632.80811577,9047000.0
1982-12-01,8925352.192083918,8802563.278337218,9050762.942020493,9092000.0
1983-01-01,8914309.780086767,8779862.14695667,9056113.554557972,9128000.0
1983-02-01,8904984.642728245,8778545.65028327,9026882.689974213,9159000.0
1983-03-01,8888033.519975739,8761246.43945437,9011060.98104761,9174000.0
1983-04-01,8879656.612533178,8758467.965948703,9012104.195283301,9150000.0
1983-05-01,8879187.662738075,8740332.909209978,9009144.500125548,9121000.0
1983-06-01,8867182.45158109,8734647.322399601,8993252.795605985,9065000.0
1983-07-01,8848257.33271121,8732666.56328305,8981615.565304434,9007000.0
1983-08-01,8833991.960416168,8699214.028778912,8958036.74755217,8948000.0
1983-09-01,8823860.940675775,8698375.453701822,8951017.997888388,8895000.0
1983-10-01,8811013.112086412,8673130.630801376,8942185.309516199,8849000.0
1983-11-01,8797881.091699647,8674452.957042845,8927125.362214724,8804000.0
1983-12-01,8784374.305393096,8663554.91940188,8912444.785297351,8762000.0
1984-01-01,8772339.466436263,8640642.331806257,8898767.604102224,8721000.0
1984-02-01,8760988.997202039,8633640.812726686,8887082.61578248,8686000.0
1984-03-01,8750031.483153952,8622218.971212013,8882263.69988177,8656000.0
1984-04-01,8745289.3370039,8607782.890021995,8871778.982538452,8657000.0
1984-05-01,8720000.023390716,8590035.155798133,8846225.46249909,8659000.0
1984-06-01,8713384.844689107,8580153.023193521,8840179.84432243,8661000.0
1984-07-01,8715506.445291473,8597746.636889348,8841139.978858223,8649000.0
1984-08-01,8703726.938042277,8574061.877265427,8833516.052229576,8626000.0
1984-09-01,8678092.319319012,8560659.299067808,8807512.370359678,8606000.0
1984-10-01,8665987.49374408,8533660.078436706,8792771.675906966,8592000.0
1984-11-01,8650790.502549315,8517755.726360163,8772595.394415045,8588000.0
1984-12-01,8635617.82846168,8507767.640324872,8760412.605339596,8581000.0
1985-01-01,8625938.595956976,8493562.032804897,8757749.584443694,8578000.0
1985-02-01,8620207.806169247,8491846.110310016,8748875.527703715,8572000.0
1985-03-01,8603047.869844561,8481858.516118767,8729667.907036712,8581000.0
1985-04-01,8596493.442762867,8465576.248118073,8727501.91699847,8572000.0
1985-05-01,8579037.941219037,8453948.535352511,8699464.09448503,8572000.0
1985-06-01,8570329.110967634,8444654.261348767,8698628.82393846,8568000.0
1985-07-01,8564954.837528154,8428660.764511365,8698007.064395035,8558000.0
1985-08-01,8551679.64364813,8410794.392631529,8675071.862894604,8549000.0
1985-09-01,8530664.872933162,8402489.501289077,8660952.269233095,8544000.0
1985-10-01,8518202.493612751,8395064.097518858,8649038.98772479,8543000.0
1985-11-01,8503544.012013024,8378427.929724713,8628818.32307965,8543000.0
1985-12-01,8488811.209205706,8360023.90230077,8614137.335392542,8536000.0
1986-01-01,8478221.496854192,8354848.025137539,8601966.932920331,8531000.0
1986-02-01,8470437.463609785,8342649.820564682,8582317.02225807,8528000.0
1986-03-01,8453117.774949215,8326456.915832407,8581489.08405811,8523000.0
1986-04-01,8445352.061177012,8313215.798998546,8578478.596989399,8517000.0
1986-05-01,8436173.107321072,8305404.695362181,8559014.622855395,8495000.0
1986-06-01,8424953.430513136,8303640.866515325,8556963.585409448,8467000.0
1986-07-01,8411869.89491455,8282883.093364439,8542211.881479705,8446000.0
1986-08-01,8397051.999022208,8277482.227754141,8527485.217868876,8441000.0
1986-09-01,8380493.379883773,8254836.210170955,8508737.145541435,8423000.0
1986-10-01,8366932.14395398,8237171.194813638,8497171.65713846,8416000.0
1986-11-01,8352082.140292033,8227024.599248512,8478135.14314198,8407000.0
1986-12-01,8337053.008350032,8201907.984516225,8461501.902921971,8409000.0
1987-01-01,8324797.427162663,8192624.878996562,8450568.85859014,8419000.0
1987-02-01,8314259.120613939,8186922.038982996,8448136.926981535,8407000.0
1987-03-01,8296212.232141236,8165622.470649151,8421261.313353047,8384000.0
1987-04-01,8286622.155508468,8160253.853230508,8415763.208034886,8360000.0
1987-05-01,8284979.171013169,8154231.132073003,8413919.276416684,8334000.0
1987-06-01,8271760.790665979,8149959.689659783,8396014.978974259,8312000.0
1987-07-01,8251661.637095892,8114604.6529837595,8382169.616584567,8283000.0
1987-08-01,8236183.095610629,8115229.167778616,8363285.406452324,8267000.0
1987-09-01,8224838.906680033,8099139.604533962,8357889.208044347,8250000.0
1987-10-01,8210817.04339046,8085953.3155843355,8335690.231912167,8230000.0
1987-11-01,8196471.853813497,8070297.701510828,8327016.69415734,8205000.0
1987-12-01,8181791.032806727,8051915.407865513,8313638.022346168,8182000.0
1988-01-01,8168543.024659694,8041812.689041305,8299815.869840451,8169000.0
1988-02-01,8155979.385912029,8031199.579415136,8280497.081812327,8159000.0
1988-03-01,8143886.971351358,8012115.2371977195,8262028.6723382855,8153000.0
1988-04-01,8137931.655687876,8009737.198241735,8266512.589618221,8140000.0
1988-05-01,8111468.307061718,7978634.442656841,8238905.207916719,8134000.0
1988-06-01,8103639.958846633,7990852.457198154,8232165.88984635,8121000.0
1988-07-01,8104587.524435996,7966848.649306468,8234919.968652879,8090000.0
1988-08-01,8091594.847673382,7954917.580727783,8216985.810198373,8065000.0
1988-09-01,8064747.059436673,7944327.51762891,8188187.6240699915,8042000.0
1988-10-01,8051951.686558839,7921515.136354139,8179412.832008144,8031000.0
1988-11-01,8036041.129817752,7910657.24975667,8162834.705036397,8011000.0
1988-12-01,8020177.908427199,7899584.850163239,8150197.458754085,7985000.0
1989-01-01,8009785.110376179,7885275.617833196,8129390.67988558,7949000.0
1989-02-01,8003340.755042115,7875093.138204539,8129142.6708471505,7933000.0
1989-03-01,7985536.307901391,7860621.1251976965,8115824.68887621,7930000.0
1989-04-01,7978268.31527337,7849796.847929487,8100522.6977484645,7936000.0
1989-05-01,7960122.266426624,7834749.205690152,8086376.122715516,7934000.0
1989-06-01,7950699.87062892,7819820.361769738,8081657.742809757,7938000.0
1989-07-01,7944635.049886526,7819646.233946116,8070765.035159883,7930000.0
1989-08-01,7930646.290460153,7799877.902529717,8055946.12732605,7920000.0
1989-09-01,7908917.954198868,7784118.779766085,8037037.902741489,7901000.0
1989-10-01,7895765.027575564,7772828.464197847,8028341.625967287,7887000.0
1989-11-01,7909406.011738112,7788983.580075102,8044698.178190416,7891000.0
1989-12-01,7922059.788700759,7797601.074195129,8052121.361325517,7890000.0
1990-01-01,7939769.542111515,7803959.140494109,8070489.842956497,7897000.0
1990-02-01,7960284.974629394,7832501.355108893,8084473.685931361,7892000.0
1990-03-01,7968526.093754112,7840553.474557386,8101954.695121391,7883000.0
1990-04-01,7989059.845744198,7856611.373066655,8111996.109747344,7877000.0
1990-05-01,8007267.471658195,7874455.100273785,8134212.178952734,7875000.0
1990-06-01,8025060.825835656,7899354.782028317,8151100.562645429,7874000.0
1990-07-01,8040054.416997126,7908617.046672036,8167854.080191261,7889000.0
1990-08-01,8054249.552090171,7930219.503076281,8186544.499649171,7906000.0
1990-09-01,8066703.963937114,7937658.378974278,8190739.734285663,7919000.0
1990-10-01,8081219.854767382,7954852.969812902,8218234.2462635515,7934000.0
1990-11-01,8095382.882090828,7966971.402216912,8220331.646296581,7965000.0
1990-12-01,8108430.87690887,7984099.582878426,8235081.181026565,7984000.0
1991-01-01,8125188.326706886,7998281.021126639,8248337.790272041,8005000.0
1991-02-01,8143663.051143549,8014952.72002966,8285996.000560594,8017000.0
1991-03-01,8151821.480980231,8034611.528761281,8287797.205961559,8036000.0
1991-04-01,8171244.435332833,8045259.842164039,8304182.505204543,8083000.0
1991-05-01,8197678.577597594,8064490.75823477,8320188.073176693,8118000.0
1991-06-01,8213473.228235781,8088735.655023771,8340914.573591232,8149000.0
1991-07-01,8221451.201506717,8102070.564233955,8358953.1319142785,8186000.0
1991-08-01,8234985.69109053,8102694.577185546,8363765.537406112,8229000.0
1991-09-01,8252654.533228999,8120419.310293899,8379719.549801717,8278000.0
1991-10-01,8266709.796780457,8145486.299915117,8392917.26383398,8317000.0
1991-11-01,8281377.638272555,8149926.437246841,8407609.570612317,8356000.0
1991-12-01,8294773.9441068135,8160645.274631268,8416965.927812144,8378000.0
1992-01-01,8310538.96702885,8184013.080515601,8433373.339009054,8383000.0
1992-02-01,8326988.359673464,8204819.877604891,8448482.753992321,8398000.0
1992-03-01,8342037.168028174,8214943.542525833,8472106.46144472,8428354.595439648
1992-04-01,8365094.883756972,8238532.932728769,8489783.17507383,8481002.73632233
1992-05-01,8366708.662284639,8240375.627193418,8492344.009710446,8506768.27929266
1992-06-01,8387893.345461867,8259919.344647653,8518094.085726244,8500965.717829408
1992-07-01,8416918.038205048,8304010.305922696,8542295.968749477,8511906.288173938
1992-08-01,8432938.392834725,8304449.083876071,8558718.499757227,8525902.367582776
1992-09-01,8435103.635990309,8301668.676158797,8560302.727920588,8511037.36268054
1992-10-01,8450385.390266296,8323374.056352064,8571784.044630345,8536284.174597835
1992-11-01,8463487.864917498,8331790.891289026,8587344.386572964,8518693.97397104
1992-12-01,8475701.770680781,8343031.9001705,8605885.109228674,8507114.417753441
1993-01-01,8494322.004022053,8363926.5625136485,8622688.163038133,8518692.933628954
1993-02-01,8516890.680080274,8395027.026302276,8645776.381512238,8556560.425458515
1993-03-01,8525291.551616456,8401309.815509683,8646557.1371669,8556939.067294627
1993-04-01,8538395.826872183,8402195.927035032,8662265.021986365,8564917.323069595
1993-05-01,8539964.875977458,8412531.173280237,8656057.529321631,8565281.51503345
1993-06-01,8550914.748063503,8427517.340136161,8678521.91474142,8606126.573054265
1993-07-01,8564565.02527313,8442536.484723363,8695111.255773073,8583320.958876478
1993-08-01,8570948.533730507,8438616.135210734,8698420.636428798,8586338.680865826
1993-09-01,8569592.46535296,8454104.379625686,8693709.102376454,8589339.59198294
1993-10-01,8576154.63668167,8460691.097538155,8704221.022785945,8585353.579070475
1993-11-01,8581154.857419353,8447637.754692953,8700163.46709263,8585252.133438773
1993-12-01,8585446.605261166,8449951.381680122,8707879.30936748,8586856.686928337
1994-01-01,8594515.595247053,8464470.015803298,8724608.69173922,8580490.629008953
1994-02-01,8606390.264340062,8487623.469627725,8729117.59924218,8586251.65167997
1994-03-01,8606826.82295199,8482361.544289276,8733468.360221108,8607371.776497934
1994-04-01,8618719.811517218,8488266.293039937,8740664.355095362,8625736.757410051
1994-05-01,8628565.408310382,8494925.887135148,8754651.168510936,8599725.985734526
1994-06-01,8637717.999062976,8511420.667521564,8775280.74263245,8622133.499107422
1994-07-01,8644349.561103616,8525511.58539108,8770108.262530971,8642583.42384456
1994-08-01,8649903.932771796,8520018.189638672,8773927.339464787,8681949.458611505
1994-09-01,8653717.581193866,8521251.132984165,8781858.748726629,8721411.229899641
1994-10-01,8659871.442903295,8532698.459425228,8791482.396548718,8760865.613691127
1994-11-01,8665393.706801869,8537714.938498171,8796143.604997985,8805208.133879973
1994-12-01,8663894.348623268,8528599.904829718,8793884.988222787,8767408.268945053
1995-01-01,8665619.533658093,8543342.311588008,8791020.439826515,8735760.123577824
1995-02-01,8669061.993331531,8548299.02862952,8802004.436529279,8718676.821114909
1995-03-01,8663642.89370468,8539190.922662321,8792529.674242858,8709086.68495372
1995-04-01,8668033.583294107,8539619.681075484,8786316.901854686,8716820.528804649
1995-05-01,8679920.372562204,8547983.001798883,8807125.784944395,8690961.469753506
1995-06-01,8680682.758437185,8553994.239689698,8810116.561151177,8657348.997860515
1995-07-01,8674113.378630495,8553955.055293983,8807645.600801455,8646553.562002089
1995-08-01,8672615.603367442,8543748.06460204,8796543.123070316,8647238.55968243
1995-09-01,8675252.180659007,8542567.366639663,8802444.63448407,8656762.298806947
1995-10-01,8674760.091132859,8550576.124880332,8810454.69563969,8642826.892318524
1995-11-01,8674395.667778062,8551344.166719781,8796486.528986156,8619395.316083927
1995-12-01,8673244.620534725,8545696.339675037,8796450.48941117,8646944.55485513
1996-01-01,8673977.378609875,8549438.180021018,8805156.218584416,8687834.995727602
1996-02-01,8675394.506407604,8549774.994680675,8802884.658399679,8675429.45421369
1996-03-01,8676380.87345395,8547160.052409299,8797427.87414607,8662686.639189245
1996-04-01,8684406.324335864,8552039.202541249,8813297.89456034,8672235.182890227
1996-05-01,8671472.749785904,8539738.506521218,8787566.361112397,8712935.478602754
1996-06-01,8677625.168116232,8551144.726596916,8796143.66190279,8706675.19642479
1996-07-01,8692102.50778181,8558086.371944679,8818360.265085317,8714185.445649553
1996-08-01,8693090.5975646,8569992.812773801,8820275.244208025,8668026.835424313
1996-09-01,8680223.576605193,8554850.21404865,8799880.885883326,8641356.617749419
1996-10-01,8680957.978511833,8553992.853190944,8803166.615071725,8659880.248520367
1996-11-01,8679028.18904803,8555560.409623502,8812363.074732227,8661589.38063822
1996-12-01,8676694.742441954,8546483.383681994,8814703.181584833,8658993.186898738
1997-01-01,8680282.711668221,8547889.460005352,8807403.938021764,8660065.464449618
1997-02-01,8687819.123611448,8559903.60901053,8827246.747537997,8655308.937392883
1997-03-01,8682642.466269566,8559153.762597753,8809892.078019803,8654438.649694253
1997-04-01,8689355.24091882,8555413.87767839,8827857.914365422,8602191.772626782
1997-05-01,8684738.96685658,8563535.240677962,8817785.609402953,8609865.821279537
1997-06-01,8689297.33833614,8557607.163701301,8813068.841845518,8670269.94638661
1997-07-01,8696762.292378211,8566300.277253898,8834347.664193487,8690607.841875106
1997-08-01,8696754.300229138,8568598.433608938,8832041.017666742,8711317.691604208
1997-09-01,8689006.73124515,8559607.810709797,8816958.107607175,8725853.526228707
1997-10-01,8689383.579406312,8559105.249414008,8818169.536828727,8740951.097740298
1997-11-01,8687992.299537534,8570300.129390402,8808201.128794217,8797830.771654151
1997-12-01,8686098.724211799,8569938.340335432,8805957.19362549,8780594.049415482
1998-01-01,8688776.213591233,8560703.82212213,8805523.882409357,8775696.298954703
1998-02-01,8694259.382077785,8571547.40533669,8823389.679521114,8781686.440988025
1998-03-01,8688922.972400011,8565355.74264333,8820922.410428522,8803679.341504067
1998-04-01,8694424.460358778,8567616.53132131,8811144.292115798,8810282.324866967
1998-05-01,8698084.734634208,8569221.657958575,8823693.793186758,8753887.854908524
1998-06-01,8700845.825451838,8568581.186385302,8819139.15363611,8698828.94396824
1998-07-01,8701292.06497474,8573576.436163073,8817424.22150208,8721419.537788294
1998-08-01,8700454.936707895,8568672.964359641,8822764.235101983,8697733.660068806
1998-09-01,8697877.085195009,8571572.433357779,8829623.961166635,8669108.08924289
1998-10-01,8697845.624386704,8573964.000328727,8825701.738805532,8672828.063915499
1998-11-01,8696976.388350297,8563214.122375712,8813065.988020588,8623778.021254703
1998-12-01,8695477.03152978,8570424.974894606,8820641.062639372,8622588.082677824
1999-01-01,8697202.217967944,8576314.605331665,8830099.194841754,8644632.339405838
1999-02-01,8700644.679044738,8568288.762433391,8825564.928873012,8665950.961334743
1999-03-01,8695225.58068543,8571813.978296889,8820184.856159884,8690702.11523034
1999-04-01,8699616.271678187,8571941.927409744,8826402.492925737,8683844.000051335
1999-05-01,8711503.062304357,8576300.952791348,8838606.630007666,8694573.452944087
1999-06-01,8712265.449582735,8589865.781327778,8843331.708230967,8682385.058995703
1999-07-01,8705696.071134133,8581088.855188714,8837746.566724366,8658209.131530043
1999-08-01,8704198.297274383,8572375.192390814,8820064.702952601,8691455.386569547
1999-09-01,8706834.875969322,8568419.817406619,8833548.384252425,8646306.020557592
1999-10-01,8706342.787801247,8580243.761337727,8839765.567652715,8631201.323947836
1999-11-01,8705978.365849817,8576662.83937733,8831834.59871035,8645051.790182102
1999-12-01,8704827.319964541,8583802.26968756,8837315.777265714,8681264.081576359
2000-01-01,8709424.741413835,8590028.08848837,8834976.042836828,8649962.095272388
2000-02-01,8714706.53258573,8589595.504453165,8844266.941394733,8651988.017733876
2000-03-01,8719308.229885286,8595441.292798772,8844593.864848096,8638539.652376328
2000-04-01,8731198.34414137,8608935.940526016,8855533.741310488,8670485.357863758
2000-05-01,8722004.766405122,8585843.031184526,8841704.880834088,8679767.055384755
2000-06-01,8732021.848109622,8604006.269240985,8852945.884504493,8678963.559848899
2000-07-01,8750239.184588844,8620369.54250413,8878727.950569173,8678849.933884056
2000-08-01,8755091.937745806,8634321.93218045,8885440.195154367,8707597.118633755
2000-09-01,8746089.579428669,8617068.897165006,8882134.115639288,8776928.591673534
2000-10-01,8750563.977440739,8625161.154700574,8871667.307316959,8776291.684417143
2000-11-01,8752498.850619199,8632675.662321147,8880285.403128037,8714735.776036061
2000-12-01,8753905.40011855,8630876.007840903,8882661.234002933,8740415.862339878
2001-01-01,8761358.031987093,8633910.750555279,8885309.794819124,8778656.010137256
2001-02-01,8772759.106572602,8636715.252012128,8896875.59737275,8783920.73868801
2001-03-01,8771073.112262439,8647525.956927657,8902023.119232392,8804049.14470567
2001-04-01,8781650.549553968,8649765.22498082,8911529.224945405,8794329.596999653
2001-05-01,8780774.271597138,8660881.4849877,8913259.307925384,8832555.768075807
2001-06-01,8789197.305719007,8661050.507753197,8912441.270601839,8819531.024227865
2001-07-01,8800402.255866503,8677069.31677096,8929125.918371333,8844943.134859107
2001-08-01,8804258.926359687,8676492.953181306,8934728.569523202,8847834.747097956
2001-09-01,8800376.020017967,8686681.18501922,8925186.467329305,8818634.544337038
2001-10-01,8804493.211421803,8669813.701002393,8923695.101104347,8811465.221291661
2001-11-01,8806966.952903781,8674487.723121086,8930686.052607002,8862957.889467122
2001-12-01,8808813.72082073,8677971.05183053,8934654.679420268,8880418.207395671
2002-01-01,8815356.231550904,8685896.93594663,8946317.946032405,8883190.925324997
2002-02-01,8824704.421388192,8689239.610727442,8946854.111796245,8839487.724052431
2002-03-01,8822858.99873692,8703068.421894819,8944834.456579316,8813952.348777622
2002-04-01,8832225.508046415,8706046.483184565,8952871.605669754,8811946.199911227
2002-05-01,8839626.124914698,8706402.678142475,8962980.57506696,8851286.402274538
2002-06-01,8846252.236411577,8715312.033525072,8978430.404078977,8809882.458425565
2002-07-01,8850438.81852736,8724277.980537508,8974361.219908994,8824507.418257207
2002-08-01,8853466.710939813,8726369.044298217,8983885.390634699,8784573.577287242
2002-09-01,8854753.880106196,8732297.059208974,8974106.126505395,8786987.43558871
2002-10-01,8858462.76189074,8739767.233621433,8981670.263680276,8773658.821634201
2002-11-01,8861458.546533618,8731710.866297804,8984510.079261454,8858814.081183918
2002-12-01,8863699.532305932,8736586.784230879,8978664.25712944,8877560.145911267
2003-01-01,8869289.73942338,8747691.60490992,9006432.349798992,8850937.909299055
2003-02-01,8876597.221179444,8744774.966607258,9004187.321639849,8852233.501277665
2003-03-01,8874669.10924015,8752500.692934709,9000062.091468558,8853576.337493207
2003-04-01,8882924.820912203,8751149.406897828,9009477.432066225,8856946.82683409
2003-05-01,8898551.954131238,8779991.213134488,9024324.531424588,8838191.451470917
2003-06-01,8903184.522831095,8779700.25522362,9032454.1434561,8877693.035044625
2003-07-01,8900360.481242074,8768659.176954325,9035160.117770474,8878055.307519777
2003-08-01,8902732.888803888,8778792.941840423,9034150.092677526,8900076.35140376
2003-09-01,8909239.648920378,8781379.847686088,9040653.277228905,8923289.265785038
2003-10-01,8912492.897611866,8786265.866950711,9045188.923030851,8951019.994453192
2003-11-01,8915998.657081977,8796395.770452725,9038039.27408822,8889363.310323382
2003-12-01,8918592.948056256,8784049.84486083,9039258.742775865,8877326.200195221
2004-01-01,8923195.888956308,8793981.910940371,9057811.29832546,8890319.283205241
2004-02-01,8928483.199578954,8795730.362365304,9058438.953111392,8922904.933945395
2004-03-01,8933090.060235681,8813339.264950292,9060529.661941329,8941619.468700187
2004-04-01,8944985.693942511,8817765.255402751,9070320.893702561,8965501.743851969
2004-05-01,8935797.457610173,8812944.477100737,9061216.880361728,9003108.813533645
2004-06-01,8945820.058765411,8811541.099872902,9078795.368489955,9035829.286252595
2004-07-01,8964042.736648638,8848590.53802767,9090231.442676626,9029370.22961078
2004-08-01,8968901.009256322,8845236.09986568,9098267.99933856,9043938.792622482
2004-09-01,8959904.170389919,8832952.07011493,9083192.527879786,8996385.784905974
2004-10-01,8964383.909805933,8843269.507948922,9097849.705779793,8973736.018248493
2004-11-01,8966324.302435158,8840752.462002529,9098377.479817828,8958146.108653791
2004-12-01,8967736.193338452,8824703.629371863,9100850.436869808,8916598.683576949
2005-01-01,8975194.344657753,8854924.061983341,9102966.017905291,8993286.62178384
2005-02-01,8986600.938693976,8859609.474968702,9123340.698414356,9058932.38858191
2005-03-01,8984919.932225522,8856003.940916143,9108125.371668896,9057479.008760275
2005-04-01,8995502.891770376,8863830.228906622,9116603.824515749,9068467.827362264
2005-05-01,8994631.957929663,8869821.002813727,9124337.686245244,9063952.498703703
2005-06-01,9003060.514304813,8863158.7679555,9126650.006764362,9049015.034004685
2005-07-01,9014270.808568424,8886283.410929991,9143661.874469714,9041632.042028423
2005-08-01,9018133.001314934,8895361.018816687,9141604.803916436,9041531.23835425
2005-09-01,9014255.617226528,8891317.63798064,9145887.538208527,9074344.33360038
2005-10-01,9018377.805609198,8892105.270920968,9143961.85955059,9083667.558956472
2005-11-01,9020856.710636009,8898935.680835268,9144639.11518967,9076301.498941526
2005-12-01,9022708.475531803,8900997.335525658,9148428.332232567,9024277.314984577
2006-01-01,9029256.14980681,8901690.342754364,9159038.132869825,8981067.13429282
2006-02-01,9038609.503188964,8913855.20738861,9163295.01400622,8957287.170753486
2006-03-01,9036768.744384605,8911563.941466436,9160662.162945673,8973338.021218149
2006-04-01,9046140.417238962,8914657.1425299,9184876.261363802,8949928.663568206
2006-05-01,9053546.031086115,8926857.316765865,9175231.3189186,8928560.714031786
2006-06-01,9060177.306127843,8936604.874987349,9186401.946335323,8892549.878693884
2006-07-01,9064368.88522244,8940637.37279006,9186247.606415913,8979805.237084035
2006-08-01,9067401.941179764,8943683.727723338,9190399.128439108,9001151.210000144
2006-09-01,9068694.273890952,8936052.898720074,9197974.508018384,9042204.617476782
2006-10-01,9072408.152654378,8938875.406529758,9190317.67765008,9036685.492987009
2006-11-01,9078542.907391788,8956196.025822563,9198412.139628135,9074094.803770602
2006-12-01,9083821.60615885,8965201.681637939,9215110.257366758,9130731.958239254
2007-01-01,9092550.783370852,8970537.276903749,9214815.214358531,9144864.558120448
2007-02-01,9102997.235221481,8975525.657977909,9235967.715184735,9153640.854054991
2007-03-01,9103904.322077235,8962120.776903173,9224518.37385318,9123259.886805492
2007-04-01,9115299.003843842,8989857.906766327,9238470.860190287,9162225.916079782
2007-05-01,9133963.850057641,9009337.07860058,9249546.935865296,9187365.1507226
2007-06-01,9141730.228109773,9010261.251415644,9269339.248865861,9190220.124344155
2007-07-01,9141938.905248735,9017230.36874731,9259347.077706305,9175075.586010575
2007-08-01,9147445.122162845,9017500.103390334,9266439.239198526,9169680.689736065
2007-09-01,9157085.691631617,9028916.265490066,9286525.226198606,9148069.899738992
2007-10-01,9163371.659051135,9032143.02061602,9295167.701048382,9145386.67162068
2007-11-01,9170011.227873513,9047755.001941744,9296327.843940545,9136533.304583658
2007-12-01,9175638.237575844,9048574.34739925,9298793.3374203,9105507.45793118
2008-01-01,9183374.987828165,9065841.41540361,9317978.682398507,9129956.282734448
2008-02-01,9191796.107803088,9063369.179914333,9311002.513949312,9100804.788283035
2008-03-01,9199334.596563552,9074702.53056919,9325719.598990766,9123554.874625709
2008-04-01,9214364.039622653,9086542.010048622,9343060.979435714,9125578.43583854
2008-05-01,9208208.522018384,9073737.019261708,9334310.771947628,9132508.217887586
2008-06-01,9221364.932525888,9103297.960890586,9339763.64436841,9163762.225412972
2008-07-01,9242620.3291371,9115276.181408217,9375878.649017481,9170797.6550745
2008-08-01,9250621.84065932,9118098.78264592,9372532.620029287,9204906.512028432
2008-09-01,9244768.240707463,9124920.822292902,9366429.79412314,9138579.782991964
2008-10-01,9252289.824234286,9123397.903138012,9363021.997876853,9124680.43114653
2008-11-01,9257373.455778033,9130033.314581923,9385340.332194304,9066594.566441122
2008-12-01,9261827.190792162,9135906.457962092,9394646.481220659,9127360.53684934
2009-01-01,9272428.581025954,9139548.480610445,9398622.65657338,9110509.379009817
2009-02-01,9286978.413976748,9167396.939957554,9417367.118463516,9163370.760444824
2009-03-01,9288136.459480364,9167487.518765258,9419419.314401045,9208982.316213213
2009-04-01,9301862.655137163,9176052.41800834,9436096.99469015,9246943.854956033
2009-05-01,9304033.562695151,9169204.002744075,9424457.575792866,9314045.780268282
2009-06-01,9315605.355182238,9181607.770534687,9440142.499898883,9292963.938125404
2009-07-01,9329857.490844494,9204825.660703745,9450460.232787192,9329867.48275381
2009-08-01,9336862.91970296,9205028.185061906,9462965.613998493,9336439.44669406
2009-09-01,9336128.77172654,9205752.558744548,9461589.986293774,9380019.781378182
2009-10-01,9343292.80150789,9216557.795638662,9467438.269712642,9395305.67379605
2009-11-01,9348914.942646673,9222642.260677673,9467998.776254077,9476672.550838012
2009-12-01,9353808.54894113,9228885.76216605,9476581.154931523,9474869.05923658
2010-01-01,9363499.459328108,9237040.543222982,9492872.15696883,9486624.546259755
2010-02-01,9375996.048822211,9256220.286079183,9497314.670242382,9499099.845264245
2010-03-01,9376994.34198997,9243941.227154754,9505329.134651026,9432525.470923178
2010-04-01,9378699.287139151,9252034.334990703,9506787.077129344,9446279.529790996
2010-05-01,9378685.487078123,9244342.183819454,9503214.740376329,9371269.705305211
2010-06-01,9377650.03441473,9255960.071727125,9506890.02446985,9383466.561412118
2010-07-01,9374422.199601151,9237262.545325361,9494007.501131754,9367809.83646787
2010-08-01,9369788.527853256,9249630.029748125,9505991.3635094,9417151.669407189
2010-09-01,9363414.132859355,9242245.711048504,9490346.835502727,9498386.212202089
2010-10-01,9359708.597714564,9222155.47155813,9490454.036581649,9483412.119465709
2010-11-01,9355042.818197135,9229248.891017051,9475624.084808044,9436158.64630809
2010-12-01,9349869.387040135,9232664.72821038,9480486.50526882,9424341.442925056
2011-01-01,9347798.02999728,9222294.345895734,9472279.648532832,9454610.993044017
2011-02-01,9347443.947593048,9217455.06440332,9472677.71620787,9509485.473123306
2011-03-01,9338595.713186363,9219480.335394029,9472384.756606415,9465454.278876184
2011-04-01,9339189.860698093,9212444.794053031,9463316.539602192,9456677.032902624
2011-05-01,9347402.57698779,9219351.346954996,9476956.465237597,9543944.31755638
2011-06-01,9344368.420785101,9226273.160234112,9472019.556536369,9500293.269802077
2011-07-01,9334124.968000028,9213627.014262475,9465118.16268194,9490031.834892444
2011-08-01,9328830.650659299,9210885.576031337,9459332.733064033,9463109.323271498
2011-09-01,9327670.68587317,9196180.836534038,9454055.217604805,9424966.367984723
2011-10-01,9323504.523368616,9200518.250134377,9457706.07165666,9416703.365646595
2011-11-01,9319343.55793617,9198475.968413472,9447290.350545013,9418871.844903382
2011-12-01,9314518.43771438,9190578.755610263,9440500.041106835,9408748.94326035
2012-01-01,9297875.459171832,9175316.57204342,9429204.629887387,9371646.97052245
2012-02-01,9281916.850351842,9157146.536267338,9407056.146759322,9354236.954870043
2012-03-01,9266648.496046135,9132170.752815157,9396350.35609414,9322431.10876348
2012-04-01,9257298.21031034,9126582.47726472,9380826.379222909,9240680.63688944
2012-05-01,9227549.40677546,9097379.366725506,9346091.309600731,9157320.654168434
2012-06-01,9216326.088488076,9086481.090231875,9345521.24903607,9167132.372887082
2012-07-01,9213988.199168766,9097644.215083951,9350461.880510733,9194915.881302878
2012-08-01,9197600.55233382,9072780.417661645,9317709.79987978,9226889.651551804
2012-09-01,9167357.794024812,9043364.047236528,9295662.557691509,9147005.94564516
2012-10-01,9151276.966238292,9034771.780365119,9286224.781690748,9099072.932638789
2012-11-01,9131971.43942489,9000227.747599537,9259849.288375594,9114386.287070164
2012-12-01,9112822.763125656,8990285.07463534,9241750.6592373,9147001.422374686
2013-01-01,9099034.995002298,8976227.56347442,9217232.42459873,9188925.544234443
2013-02-01,9089195.66959592,8965859.392456727,9216994.49103991,9185724.558845658
2013-03-01,9068324.797873754,8941232.618316436,9194883.923373977,9216186.669612003
2013-04-01,9057661.83517344,8926848.239310488,9188206.062895242,9168923.88921974
2013-05-01,9036230.331418008,8908584.116705162,9164484.970710112,9130843.250498166
2013-06-01,9023412.965547957,8893401.128056092,9153242.255297871,9114852.543262444
2013-07-01,9014062.689896895,8881674.020119052,9148130.385089813,9077167.627418064
2013-08-01,8996678.960398223,8872768.49301019,9130420.508676114,9073859.512003783
2013-09-01,8988730.391366951,8860500.237616766,9113944.491814228,9076524.060829865
2013-10-01,8988912.723353313,8852958.766159365,9110019.299054192,9086134.288007202
2013-11-01,8987320.44343727,8861190.039850041,9114106.063105201,9063225.458652915
2013-12-01,8985232.351936754,8853319.157694127,9112084.91026161,9042126.350594152
2014-01-01,8987708.841268914,8861550.570421224,9117687.377289068,9050526.525410268
2014-02-01,8992991.009708188,8867063.474471428,9114891.25179262,9014139.101313729
2014-03-01,8987473.05160061,8854635.075354833,9108575.505263992,8979925.34692153
2014-04-01,8992773.539512083,8871217.169126576,9116603.462036226,9062189.767932467
2014-05-01,8996239.29696294,8867491.981719218,9122656.352308625,9129931.907304913
2014-06-01,8998799.387061791,8880301.368206294,9131998.748485848,9095471.553611413
2014-07-01,8999051.10976009,8878413.535757596,9118374.09725663,9085562.151850425
2014-08-01,8998012.98077454,8870995.513008192,9120596.057294719,9112339.604047392
2014-09-01,8995234.128542896,8866349.03282795,9124771.514069136,9153244.131249849
2014-10-01,8995008.150909992,8869160.245593434,9115394.190518921,9125901.900769075
2014-11-01,8993937.914154837,8856552.458490254,9118987.903422825,9106768.71622175
2014-12-01,8992244.040509721,8863003.116761312,9119584.4751331,9074239.502009522
2015-01-01,8993768.226229131,8866207.648447795,9131864.266472945,9095160.871952057
2015-02-01,8997009.686587188,8866316.600770475,9121231.53938887,9111977.677568568
2015-03-01,8991409.039191583,8861447.10818905,9117283.986733321,9131879.16775318
2015-04-01,8995598.729465598,8871031.261615016,9120554.054200055,9110950.340381373
2015-05-01,9007291.0032672,8888304.745622367,9134176.634144802,9103844.10164193
2015-06-01,9007852.389826786,8881981.145647243,9132749.399503535,9122129.435524954
2015-07-01,9001088.494553568,8868901.930903763,9125625.836520834,9055173.15356414
2015-08-01,8999389.71997511,8872062.2299458,9135201.510887662,9022665.32658095
2015-09-01,9001825.297951292,8879853.519605985,9137633.287271468,9027627.137057677
2015-10-01,9001138.69295862,8873045.301548451,9132794.91112474,9007071.08533526
2015-11-01,9000573.27028842,8873390.901100805,9137839.361564653,9026170.285938049
2015-12-01,8999227.707578547,8868329.611387989,9127003.802707795,8997499.38146237
2016-01-01,8999759.466338297,8878682.155811248,9133454.994353324,9020012.70200111
2016-02-01,9000975.594820624,8872120.90802567,9120723.468718622,9024867.24288064
2016-03-01,9001773.930249354,8875426.363309417,9138157.130778,8980527.270516502
2016-04-01,9009598.381815866,8877931.400836598,9130348.356185706,8962420.76932919
2016-05-01,8996470.291799389,8868937.451879613,9119855.247671215,8940255.149518047
2016-06-01,9002421.710814336,8871368.342678435,9130491.114434566,8916053.825174939
2016-07-01,9016704.535013381,8900101.24874421,9142672.84406745,8987817.994039984
2016-08-01,9017491.625480749,8882372.866661493,9135308.982578259,9001106.914668225
2016-09-01,9004423.604474066,8875786.43208076,9126162.52946241,9010350.497020427
2016-10-01,9004963.490205951,8875194.564700328,9132314.72139215,8981914.07115664
2016-11-01,9002832.700694868,8872103.882172976,9135840.233460046,9008076.157185744
2016-12-01,9000304.737914015,8872903.06218654,9122184.37184109,8996120.377980176
2017-01-01,9003691.707092993,8869153.073218564,9124244.599558365,8962702.401003372
2017-02-01,9011027.11898895,8882295.6554232,9141913.1067653,8973577.821081495
2017-03-01,9005668.913217263,8885690.247791572,9143273.867627783,8950302.463781219
2017-04-01,9012180.687819246,8890414.34906151,9139675.107351923,8882873.903845007
2017-05-01,9007369.897582242,8883102.63001969,9133122.083284814,8854514.014497768
2017-06-01,9011727.26901451,8885141.901315909,9129774.024415664,8914734.503159354
2017-07-01,9018997.706881784,8893805.40646725,9146763.779039923,8994308.285694756
2017-08-01,9018788.714685455,8894754.021257522,9145770.70322125,8977762.018863367
2017-09-01,9010840.145654172,8880434.996893965,9141357.240953337,8858720.11148624
2017-10-01,9011022.477640543,8888266.880935473,9149556.525258046,8903725.507236805
2017-11-01,9009430.197724486,8886411.12953469,9141115.606981726,8863500.266408991
2017-12-01,9007342.10622397,8881387.793560848,9132322.101297446,8872837.433738936
2018-01-01,9009818.595556136,8873170.580626389,9149566.455552302,8805081.88724356
2018-02-01,9015100.763995398,8882435.897892414,9141499.272027912,8796629.149946155
2018-03-01,9009582.80588783,8882959.872221112,9131971.396178512,8793740.334503608
2018-04-01,9014883.293799315,8892937.391934229,9146402.458737902,8872789.653293956
2018-05-01,9018349.051250186,8895758.803355346,9141549.953057501,8894098.221826876
2018-06-01,9020909.141349044,8888847.328043802,9149603.783925269,8878932.694661485
2018-07-01,9021160.864047308,8893298.99293127,9142701.736914387,8868294.387329888
2018-08-01,9020122.735061757,8896018.165976288,9142825.304983033,8810633.000189833
2018-09-01,9017343.882830111,8879487.228172077,9137828.58469279,8798117.541993883
2018-10-01,9017117.905197214,8883639.893905744,9142373.807418328,8782994.460777655
2018-11-01,9016047.668442063,8881537.317034278,9148917.372062806,8702216.515472962
2018-12-01,9014353.794796942,8884795.008890457,9142063.726771072,8692516.748727638
2019-01-01,9015877.980516354,8883307.446461966,9146784.443679944,8768584.765880797
2019-02-01,9019119.440874407,8895976.85840883,9154817.955151403,8742798.481014222
2019-03-01,9013518.79347882,8884643.96904368,9138539.163235553,8784303.828212058
2019-04-01,9017708.483752824,8889703.633632442,9140559.583057148,8730169.386006588
2019-05-01,9029400.757554412,8897321.916043429,9154031.079824964,8757439.266383298
2019-06-01,9029962.144113991,8904531.569086544,9151630.477004211,8848117.393278766
2019-07-01,9023198.248840805,8891425.595669374,9150160.021432247,8789331.772718865
2019-08-01,9021499.474262286,8892724.392188814,9145091.569574526,8780610.729065452
2019-09-01,9023935.052238518,8895401.159011142,9161327.814639756,8681905.436640799
2019-10-01,9023248.44724584,8894763.295612715,9153742.69184337,8655406.650579453
2019-11-01,9022683.024575647,8900605.29220594,9148447.316333527,8609991.029419024
2019-12-01,9021337.461865798,8891674.883390188,9154298.591988916,8550512.673855627
2020-01-01,9021869.22062554,8892115.532062525,9148722.830486532,8628271.330557268
2020-02-01,9023085.349107876,8896739.307490394,9151855.219956035,8749281.243828498
2020-03-01,9023883.684536558,8906708.043610033,9151148.5409721,8779118.480615608
2020-04-01,9031708.136103068,8908475.318111364,9152173.22035869,8846584.303353857
2020-05-01,9018580.046086637,8894003.995970223,9143425.439568589,8841361.500315685
2020-06-01,9024531.465101589,8897013.335077528,9145787.867753703,8889609.376770081
2020-07-01,9038814.289300578,8911035.492528435,9171035.24148988,8947068.33719914
2020-08-01,9039601.379768003,8915223.927087182,9163743.291789867,8917537.138184942
2020-09-01,9026533.358761314,8901775.837903814,9147326.757551823,8892306.591985464
2020-10-01,9027073.24449318,8900555.924057173,9150175.703696437,8979779.645545842
2020-11-01,9024942.454982117,8900750.421068076,9153090.321646761,9018961.996217296
2020-12-01,9022414.492201224,8893858.388607197,9151988.452229343,8995913.312433198
2021-01-01,9025801.46138022,8893892.53634669,9146384.1118384,9048436.885433037
2021-02-01,9033136.873276161,8905406.237779628,9155395.14031467,9062382.372879373
2021-03-01,9027778.667504469,8906234.586422518,9154889.26608714,9056285.970544456
2021-04-01,9034290.442106478,8907223.348049419,9159099.580356702,8993020.394239273
2021-05-01,9029479.651869422,8897965.83237531,9149319.944979612,8998014.315466523
2021-06-01,9033837.023301773,8917243.984580582,9160737.689156502,9010092.133783866
2021-07-01,9041107.461169042,8909311.922586892,9169148.011227887,9041742.587402225
2021-08-01,9040898.468972642,8905562.854583407,9162307.79765572,9057823.676786833
2021-09-01,9032949.899941385,8908000.385760566,9158763.324560324,9082534.37852854
2021-10-01,9033132.23192777,8898885.959606439,9152348.253867453,9071044.93604092
2021-11-01,9031539.95201172,8903718.676657867,9153125.365007505,9113871.90453052
2021-12-01,9029451.860511197,8903189.439165069,9152441.939789785,9153525.482205572
2022-01-01,9031928.349843368,8903440.97450901,9158414.42850365,9130340.133378975
2022-02-01,9037210.518282644,8902654.250347596,9162276.133344496,9086882.522723185
2022-03-01,9031692.560175067,8901844.068879982,9154418.879817547,9021749.319101224
2022-04-01,9036993.048086528,8922932.713453164,9154129.32812442,9168947.48490468
2022-05-01,9040458.805537388,8911762.945737423,9153828.60603082,9293562.710438168
2022-06-01,9043018.895636227,8919905.257312221,9172674.4397832,9283641.676656287
2022-07-01,9043270.618334545,8920794.60654921,9176455.272082323,9284928.887072273
2022-08-01,9042232.489349013,8904982.72959252,9166632.18788521,9224506.931077654
2022-09-01,9039453.63711734,8910242.376316283,9163599.729778396,9162051.923881149
2022-10-01,9039227.659484442,8907001.403984519,9164948.916670157,9157767.710543562
2022-11-01,9038157.422729276,8908108.784463983,9155134.195648853,9150880.956590138
2022-12-01,9036463.549084159,8906980.54682447,9167862.921768282,9128877.621702272
2023-01-01,9037987.734803572,8917839.689037742,9162708.862952886,9080527.839111032
2023-02-01,9041229.195161639,8910523.17713655,9175277.587921971,9048669.30692906
2023-03-01,9035628.54776604,8905798.68800663,9173006.51049306,8993554.981738243
2023-04-01,9039818.23804004,8918874.364266887,9173183.39638806,9059541.953571388
2023-05-01,9051510.511841634,8930457.493543845,9178156.166106202,9137641.527118346
2023-06-01,9052071.89840123,8920606.253954161,9176033.63667386,9249449.226483984
2023-07-01,9045308.003128005,8921201.391565654,9169354.46845883,9254602.809864916
2023-08-01,9043609.22854955,8918416.838116666,9168438.980275642,9206272.916003166
2023-09-01,9046044.80652573,8913104.725989016,9172398.109773075,9254044.970221192
2023-10-01,9045358.201533046,8918318.626304131,9167157.88618733,9278161.308163185
2023-11-01,9044792.778862868,8913303.062699044,9170014.345197955,9301972.114367552
2023-12-01,9043447.216152998,8906845.472912319,9163741.641291942,9403925.791105704
2024-01-01,9043978.974912757,8911842.375888389,9170234.603812015,9382600.843428792
2024-02-01,9045195.103395067,8920873.64333164,9174461.214358743,9433911.55552934
2024-03-01,9045993.43882381,8929562.63539256,9172103.279560937,9383205.269888274
2024-04-01,9053817.890390312,8929193.854423825,9180657.204434464,9409746.646397391
2024-04-30,9062627.656410225,8942164.192548387,9187426.614961868,
2024-05-31,9060991.074616376,8922395.855388507,9187742.686881328,
2024-06-30,9047224.088184938,8921893.17398065,9183134.796298213,
2024-07-31,9045034.414715538,8918110.9825108,9166497.796080086,
2024-08-31,9052723.483552901,8933244.277949767,9184408.313042654,
2024-09-30,9051522.449168209,8923359.733155154,9181113.564585011,
2024-10-31,9051443.896715494,8924441.761815634,9184955.65291204,
2024-11-30,9050400.581853174,8930461.8892181,9180395.903321158,
2024-12-31,9049901.561557893,8915141.200796468,9174275.876487602,
2025-01-31,9049110.547973132,8927428.473087741,9183685.388815729,
2025-02-28,9043579.23606071,8904048.591600629,9181406.949023668,
2025-03-31,9045844.355034756,8921352.322774056,9182995.07631067,
2025-04-30,9073803.017157014,8938010.719477069,9216423.786756102,
2025-05-31,9069771.7023277,8933188.416646373,9205480.59945989,
2025-06-30,9049023.569505233,8912758.982982352,9187902.971805733,
2025-07-31,9046513.706765736,8896429.65379365,9186945.349241396,
2025-08-31,9059489.580873568,8905066.03915043,9203359.760206154,
2025-09-30,9057718.913160404,8913306.383781556,9209977.48757098,
2025-10-31,9058108.621619428,8899305.542667374,9219946.06908165,
2025-11-30,9057321.432476196,8898867.919965181,9207269.964924358,
2025-12-31,9055755.11952754,8892635.486919565,9228140.2326922,
2026-01-31,9052977.935033794,8887595.508373152,9218971.591886098,
2026-02-28,9047599.976056898,8881919.215140736,9226097.218732508,
2026-03-31,9049048.694815595,8889585.816577287,9229332.873461356,
2026-04-30,9085029.27585002,8910775.98329504,9283887.34346256,
2026-05-31,9078409.302517766,8903422.425951231,9254139.225592498,
2026-06-30,9050711.35912053,8853591.397123676,9249140.211357703,
2026-07-31,9048052.684767494,8856004.818538954,9262694.507384999,
2026-08-31,9066342.846879594,8866663.693248877,9262141.449668676,
2026-09-30,9063946.027090594,8866039.043965748,9258550.168027237,
2026-10-31,9064784.7724495,8857557.693518,9277264.7583499,
2026-11-30,9064207.624584857,8847144.017142538,9291380.76902641,
2026-12-31,9061539.407424366,8833820.638502957,9300314.88632435,
2027-01-31,9056799.767310828,8832677.71609992,9301138.355848107,
2027-02-28,9051654.877528692,8810417.996539583,9310054.299975844,
2027-03-31,9052382.442051124,8798457.088048283,9327872.245391147,
2027-04-30,9096299.029820025,8859696.269584756,9373177.504888138,
2027-05-31,9086899.646610772,8810937.436222592,9395162.257313486,
2027-06-30,9052292.57738199,8792846.423449188,9338899.664124547,
2027-07-31,9049656.84040654,8783416.675845383,9332100.728161555,
2027-08-31,9073282.864403551,8785469.236683324,9382924.993592903,
2027-09-30,9070202.150662007,8772005.330245867,9392035.235381538,
2027-10-31,9071470.146185447,8757940.64311914,9399383.63401129,
2027-11-30,9071057.088981658,8746278.80919725,9417146.971134977,
2027-12-31,9067254.317824654,8720406.798092563,9418458.501709625,
2028-01-31,9060578.639398154,8706262.328201188,9420787.589940209,
2028-02-29,9061699.50853074,8698646.464186596,9427881.28835948,
2028-03-31,9064877.820410028,8701310.65846116,9467678.500667864,
2028-04-30,9084737.410697486,8706020.745501509,9477014.10236269,
2028-05-31,9083100.828903617,8676088.4899354,9507297.67550884,
2028-06-30,9069333.8424722,8663735.47932136,9496503.740854748,
2028-07-31,9067144.169002764,8628563.188832287,9518032.46203137,
2028-08-31,9074833.237840103,8655658.20864093,9541265.30846681,
2028-09-30,9073632.203455424,8634320.601060893,9556106.705199728,
2028-10-31,9073553.651002727,8626054.036903499,9587464.476014283,
2028-11-30,9072510.33614038,8599435.35570636,9568102.289016983,
2028-12-31,9072011.315845136,8575342.626858242,9596363.339707106,
2029-01-31,9071220.302260377,8563168.87821898,9574585.245385466,
2029-02-28,9065688.990347918,8551520.350244537,9604596.382876335,
2029-03-31,9067954.109321952,8527881.995050494,9617907.427727634,
